{
  "license": "CC BY-ND 4.0 (This package is covered by the 'License.rtf' in the 'extra' folder)",
  "file_hash": null,
  "name": "Orchid",
  "version": "250.0.1.7472",
  "description": "Orchid is a solution designed for use in the Dynamo environment. The solution is designed to support practical, technical, logical, and mathematical issues. In particular, is some solution designed to handle nD-list issues. In addition, are solutions for applications included that not necessarily are Autodesk products.\n\n---\nSoftware environment: Built for Dynamo +2.0.1 and Revit +2017.\n\nHistory of Orchid:\nPlease see 'License.rtf' in the 'extra' folder or on the github repository.\n\n---\nMore information: Contact @erfajo at https://forum.dynamobim.com, https://forum.dynamobim.com/u/erfajo",
  "group": "Orchid",
  "keywords": [ "orchid", "erfajo", "practical", "technical", "logic", "mathematical", "BIM", "element", "project", "family", "type", "instance" ],
  "dependencies": [],
  "contents": "",
  "engine_version": "2.5.0.7432",
  "engine": "dynamo",
  "engine_metadata": "",
  "site_url": "https://github.com/erfajo/OrchidForDynamo",
  "repository_url": "https://github.com/erfajo/OrchidForDynamo",
  "contains_binaries": true,
  "node_libraries": [
    "OrchidRB, Version=250.0.1.7472, Culture=neutral, PublicKeyToken=null",
    "OrchidRE, Version=250.0.1.7472, Culture=neutral, PublicKeyToken=null"
  ]
}